id_municipio_tjsp,raj,comarca_tjsp,unidades,comarca_tjsp_temp
6504,5ª RAJ Presidente Prudente,Adamantina,Fórum I Adamantina,adamantina
6504,5ª RAJ Presidente Prudente,Adamantina,Fórum II Adamantina (Residência Oficial),adamantina
6504,5ª RAJ Presidente Prudente,Adamantina,Fórum III Adamantina - UAAJ - FAC. ADAM. INTEGRADAS,adamantina
6506,4ª RAJ Campinas,Aguaí,Comarca de Aguaí,aguai
6511,3ª RAJ Bauru,Agudos,"FÓRUM DESEMBARGADOR ""FRANCISCO MEIRELLES DOS SANTOS""",agudos
6515,6ª RAJ Ribeirão Preto,Altinópolis,"Fórum ""Desembargador ALFREDO FANUCCHI NETO""",altinopolis
6522,4ª RAJ Campinas,Americana,Fórum Americana,americana
6522,4ª RAJ Campinas,Americana,Fórum Americana (CEJUSC) - UNISAL,americana
6523,6ª RAJ Ribeirão Preto,Américo Brasiliense,Fórum Américo Brasiliense,americo brasiliense
6525,4ª RAJ Campinas,Amparo,Fórum Dr. Laudo Ferreira de Camargo,amparo
6525,4ª RAJ Campinas,Amparo,Setor das Execuções Fiscais e Setor Técnico Psicossocial,amparo
6525,4ª RAJ Campinas,Amparo,"Juizado Especial Cível e Crim., Colégio Recursal e CEJUSC",amparo
6527,2ª RAJ Araçatuba,Andradina,Fórum Andradina I (Homero Rodrigues Silva),andradina
6527,2ª RAJ Araçatuba,Andradina,Fórum Andradina III - Anexo de Violência Doméstica e Familiar Contra a Mulher,andradina
6527,2ª RAJ Araçatuba,Andradina,Fórum Andradina V - Anexo do Juizado de Andradina - UAAJ - CASTILHO,andradina
6528,10ª RAJ Sorocaba,Angatuba,Fórum I Angatuba,angatuba
6528,10ª RAJ Sorocaba,Angatuba,Fórum II Angatuba (Residência Oficial),angatuba
6531,9ª RAJ São José dos Campos,Aparecida,Fórum Aparecida,aparecida
6533,10ª RAJ Sorocaba,Apiaí,Fórum Apiaí - Des. Déscio Mendes Pereira,apiai
6535,2ª RAJ Araçatuba,Araçatuba,Fórum Araçatuba I - PRINCIPAL,aracatuba
6535,2ª RAJ Araçatuba,Araçatuba,Forum Araçatuba V - Serviço de Atendimento Psicossocial,aracatuba
6540,6ª RAJ Ribeirão Preto,Araraquara,Fórum Juiz Macedo Couto,araraquara
6540,6ª RAJ Ribeirão Preto,Araraquara,Fórum Araraquara III - (CEJUSC),araraquara
6541,4ª RAJ Campinas,Araras,Fórum Araras - (Des.Manoel Carlos  da Costa Leite),araras
6541,4ª RAJ Campinas,Araras,Forum Araras II - ANEXO FISCAL,araras
6541,4ª RAJ Campinas,Araras,Fórum Araras III (CEJUSC na Universidade de Araras - UNAR),araras
6541,4ª RAJ Campinas,Araras,Fórum Araras IV (CEJUSC),araras
6541,4ª RAJ Campinas,Araras,Fórum Araras V - (Anexo da Violência Doméstica),araras
6547,4ª RAJ Campinas,Artur Nogueira,Fórum Artur Nogueira,artur nogueira
6547,4ª RAJ Campinas,Artur Nogueira,Fórum Artur Nogueira (CEJUSC),artur nogueira
6548,1ª RAJ Grande São Paulo,Arujá,Fórum Fernando de Albuquerque Prado,aruja
6548,1ª RAJ Grande São Paulo,Arujá,Fórum Arujá II,aruja
6548,1ª RAJ Grande São Paulo,Arujá,Forum Arujá III (Setor Técnico),aruja
6548,1ª RAJ Grande São Paulo,Arujá,Fórum Arujá IV - Execuções Fiscais,aruja
6548,1ª RAJ Grande São Paulo,Arujá,Fórum Arujá V (Salão do Júri),aruja
6548,1ª RAJ Grande São Paulo,Arujá,Fórum Arujá VI - Juizado Especial Cível e Criminal,aruja
6548,1ª RAJ Grande São Paulo,Arujá,Fórum Arujá VII - Deposito de Material e Arquivo de Processos,aruja
6548,1ª RAJ Grande São Paulo,Arujá,Fórum Arujá VIII - Cejusc,aruja
6550,5ª RAJ Presidente Prudente,Assis,Fórum Assis I - Dr. José Claudino de Oliveira Dias,assis
6551,4ª RAJ Campinas,Atibaia,CEJUSC Atibaia,atibaia
6551,4ª RAJ Campinas,Atibaia,"Fórum ""Dr. Álvaro Correia Lima""",atibaia
6552,2ª RAJ Araçatuba,Auriflama,Fórum Auriflama - (Ministro Domingos Franciulli Neto),auriflama
6555,3ª RAJ Bauru,Avaré,Fórum Avaré - I,avare
6555,3ª RAJ Bauru,Avaré,Fórum Avaré - II (CEJUSC),avare
6508,4ª RAJ Campinas,Águas de Lindóia,Fórum Águas de Lindóia,aguas de lindoia
6508,4ª RAJ Campinas,Águas de Lindóia,Fórum Águas de Lindóia (J.E.CÍVEL e Criminal),aguas de lindoia
6559,9ª RAJ São José dos Campos,Bananal,DR JOSÉ RANGEL DE ALMEIDA,bananal
6562,3ª RAJ Bauru,Bariri,"FORUM ""DR. JOAQUIM FERNANDO PAES DE BARROS NETTO""",bariri
6562,3ª RAJ Bauru,Bariri,Fórum Bariri II,bariri
6562,3ª RAJ Bauru,Bariri,Residência Oficial - cedida para Prefeitura Municipal de Bariri-19ª Zona Eleitor,bariri
6563,3ª RAJ Bauru,Barra Bonita,Fórum I Barra Bonita,barra bonita
6563,3ª RAJ Bauru,Barra Bonita,Fórum II Barra Bonita (CEJUSC),barra bonita
6566,8ª RAJ São José do Rio Preto,Barretos,Fórum I Barretos,barretos
6566,8ª RAJ São José do Rio Preto,Barretos,Fórum III Barretos (Anexo do Juizado Especial Cível - UNIFEB),barretos
6568,1ª RAJ Grande São Paulo,Barueri,Fórum Barueri i - (Prédio Novo),barueri
6568,1ª RAJ Grande São Paulo,Barueri,Fórum Barueri II - (CEJUSC),barueri
6569,5ª RAJ Presidente Prudente,Bastos,Foro da Comarca de Bastos,bastos
6570,6ª RAJ Ribeirão Preto,Batatais,Fórum Batatais,batatais
6570,6ª RAJ Ribeirão Preto,Batatais,Fórum Batatais II - Juizado Especial Cível e Criminal,batatais
6570,6ª RAJ Ribeirão Preto,Batatais,Fórum Batatais III - CEJUSC,batatais
6571,3ª RAJ Bauru,Bauru,Fórum Bauru - UPJ 1ª E 2ª VARAS DE VIOLÊNCIA DOMÉSTICA E FAMILIAR CONTRA A MULHE,bauru
6571,3ª RAJ Bauru,Bauru,Fórum Bauru I - (Principal),bauru
6571,3ª RAJ Bauru,Bauru,Fórum Bauru II - Fazenda Pública e Família e Sucessões,bauru
6571,3ª RAJ Bauru,Bauru,Fórum Bauru IV - DARAJ - SAS - IMESC - DEECRIM - Aud.Custódia,bauru
6571,3ª RAJ Bauru,Bauru,Fórum Bauru VII - (Prédio Cedido),bauru
6571,3ª RAJ Bauru,Bauru,Fórum Bauru VIII - (Prédio Cedido),bauru
6572,8ª RAJ São José do Rio Preto,Bebedouro,Fórum Bebedouro - Desembargador Adriano Marrey,bebedouro
6572,8ª RAJ São José do Rio Preto,Bebedouro,Fórum Bebedouro (Anexo do Juizado Especial - UNIFAFIBE),bebedouro
6572,8ª RAJ São José do Rio Preto,Bebedouro,Fórum Bebedouro (Juizado Especial),bebedouro
6572,8ª RAJ São José do Rio Preto,Bebedouro,Fórum Bebedouro (Residência Oficial),bebedouro
6575,7ª RAJ Santos,Bertioga,Fórum da Comarca de Bertioga,bertioga
6576,2ª RAJ Araçatuba,Bilac,Fórum Bilac (Residência Oficial),bilac
6576,2ª RAJ Araçatuba,Bilac,Fórum da Comarca de Bilac - (Coriolano Pompeu Filho),bilac
6577,2ª RAJ Araçatuba,Birigui,Fórum I Birigüi,birigui
6577,2ª RAJ Araçatuba,Birigui,Fórum II Birigui (Depósito),birigui
6582,10ª RAJ Sorocaba,Boituva,Fórum Boituva I  (Ofícios Judiciais),boituva
6582,10ª RAJ Sorocaba,Boituva,Fórum Boituva II - (Juizado Especial),boituva
6582,10ª RAJ Sorocaba,Boituva,Fórum Boituva III - Anexo Fiscal/Setor Técnico,boituva
6582,10ª RAJ Sorocaba,Boituva,Fórum Boituva IV  (UAAJ - Juizado Especial - Iperó),boituva
6582,10ª RAJ Sorocaba,Boituva,Fórum Boituva V - (Arquivo JEC),boituva
6582,10ª RAJ Sorocaba,Boituva,Fórum Boituva VI - (CEJUSC),boituva
6582,10ª RAJ Sorocaba,Boituva,Fórum Boituva VII - (CEJUSC),boituva
6587,6ª RAJ Ribeirão Preto,Borborema,"Fórum ""Desembargador Antonio Luis Chaves Camargo""",borborema
6587,6ª RAJ Ribeirão Preto,Borborema,Forum de Borborema - Juizado Especial Civel e Criminal,borborema
6589,3ª RAJ Bauru,Botucatu,Fórum Desembargador Alcides de Almeida Ferrari,botucatu
6590,4ª RAJ Campinas,Bragança Paulista,Fórum Bragança Paulista - Professor Waldemar Martins Ferreira,braganca paulista
6590,4ª RAJ Campinas,Bragança Paulista,Fórum Bragança Paulista III - (CEJUSC),braganca paulista
6593,6ª RAJ Ribeirão Preto,Brodowski,Fórum I Brodowski,brodowski
6593,6ª RAJ Ribeirão Preto,Brodowski,Fórum II Brodowski (CEJUSC),brodowski
6594,4ª RAJ Campinas,Brotas,Fórum Brotas - Desembargador Júlio D´Elboux Guimarães,brotas
6595,10ª RAJ Sorocaba,Buri,Fórum da Comarca de Buri,buri
6596,2ª RAJ Araçatuba,Buritama,Fórum Buritama,buritama
6599,10ª RAJ Sorocaba,Cabreúva,"Fórum ""Desembargador Geraldo de Faria Lemos Pinheiro""",cabreuva
6601,9ª RAJ São José dos Campos,Cachoeira Paulista,Ministro José Rodrigues Alves Sobrinho,cachoeira paulista
6601,9ª RAJ São José dos Campos,Cachoeira Paulista,Cejusc,cachoeira paulista
6602,6ª RAJ Ribeirão Preto,Caconde,Fórum Caconde  II -  (Juizado Especial Cível e Criminal),caconde
6602,6ª RAJ Ribeirão Preto,Caconde,Fórum Caconde  III -  (CEJUSC - Tapiratiba),caconde
6602,6ª RAJ Ribeirão Preto,Caconde,Fórum Caconde  IV -  (CEJUSC),caconde
6602,6ª RAJ Ribeirão Preto,Caconde,Fórum Caconde I - (Dr. Antônio de Queiroz Filho),caconde
6600,9ª RAJ São José dos Campos,Caçapava,FÓRUM CAÇAPAVA - JUIZADO ESPECIAL / SERVIÇO PSICO SOCIAL - RUA CÔNEGO RODOVALHO,cacapava
6600,9ª RAJ São José dos Campos,Caçapava,FORUM CAÇAPAVA - CRIMINAL / EXECUÇÃO FISCAL - RUA MARQUES DO HERVAL,cacapava
6600,9ª RAJ São José dos Campos,Caçapava,FÓRUM CAÇAPAVA - CÍVEL / CEJUSC - PRAÇA DA BANDEIRA,cacapava
6603,2ª RAJ Araçatuba,Cafelândia,Fórum Cafelândia I - (Principal),cafelandia
6603,2ª RAJ Araçatuba,Cafelândia,Fórum Cafelândia II - (JEC e CEJUSC),cafelandia
6603,2ª RAJ Araçatuba,Cafelândia,Fórum Cafelândia III - (JEC - UAAJ - JÚLIO MESQUITA ),cafelandia
6605,4ª RAJ Campinas,Caieiras,Fórum de Caieiras I,caieiras
6605,4ª RAJ Campinas,Caieiras,Fórum de Caieiras II,caieiras
6607,4ª RAJ Campinas,Cajamar,Fórum I Cajamar - (Desembargador Marcos Nogueira Garcez),cajamar
6607,4ª RAJ Campinas,Cajamar,Fórum II Cajamar - (CEJUSC),cajamar
6610,6ª RAJ Ribeirão Preto,Cajuru,Fórum Cajuru (Dr. Amaury Manço),cajuru
6612,4ª RAJ Campinas,Campinas,Foro Regional de Vila Mimosa - Campinas (Des. Antonio Carlos A. Braga),campinas
6612,4ª RAJ Campinas,Campinas,Fórum de Campinas - Cidade Judiciária,campinas
6612,4ª RAJ Campinas,Campinas,Posto de Atendimento de Inicial do Juizado Especial Cível de Campinas - UNISAL,campinas
6612,4ª RAJ Campinas,Campinas,Posto de Atendimento de Inicial do Juizado Especial Cível de Campinas FACAMP,campinas
6612,4ª RAJ Campinas,Campinas,Posto de Atendimento de Inicial do Juizado Especial Cível de Campinas - METROCAM,campinas
6613,4ª RAJ Campinas,Campo Limpo Paulista,Fórum de Campo Limpo Paulista,campo limpo paulista
6613,4ª RAJ Campinas,Campo Limpo Paulista,Fórum de Campo Limpo Paulista (Anexo),campo limpo paulista
6614,9ª RAJ São José dos Campos,Campos do Jordão,Fórum Campos do Jordão I - (Des.José Carlos de Macedo Soares),campos do jordao
6616,7ª RAJ Santos,Cananéia,Fórum Cananéia - JOAQUIM GUEDES ALCOFORADO,cananeia
6621,10ª RAJ Sorocaba,Capão Bonito,Anexo do JEC - UAAJ - GUAPIARA,capao bonito
6621,10ª RAJ Sorocaba,Capão Bonito,Fórum da Comarca de Capão Bonito,capao bonito
6623,4ª RAJ Campinas,Capivari,Fórum Capivari,capivari
6624,9ª RAJ São José dos Campos,Caraguatatuba,Fórum Caraguatatuba (CEJUSC),caraguatatuba
6624,9ª RAJ São José dos Campos,Caraguatatuba,Fórum  de Caraguatatuba,caraguatatuba
6624,9ª RAJ São José dos Campos,Caraguatatuba,Serviço Anexo das Fazendas,caraguatatuba
6625,1ª RAJ Grande São Paulo,Carapicuíba,Fórum Carapicuíba I - (Des. Coaracy Lacerda Madureira),carapicuiba
6625,1ª RAJ Grande São Paulo,Carapicuíba,Fórum Carapicuíba II (Arquivo),carapicuiba
6626,8ª RAJ São José do Rio Preto,Cardoso,Fórum Cardoso,cardoso
6627,6ª RAJ Ribeirão Preto,Casa Branca,Fórum Casa Branca,casa branca
6630,8ª RAJ São José do Rio Preto,Catanduva,"Fórum ""Dr. Renato Bueno Netto""",catanduva
6630,8ª RAJ São José do Rio Preto,Catanduva,Fórum Catanduva II - (Anexo Fiscal),catanduva
6630,8ª RAJ São José do Rio Preto,Catanduva,Fórum Catanduva III - (CEJUSC),catanduva
6618,5ª RAJ Presidente Prudente,Cândido Mota,Fórum Cândido Mota,candido mota
6633,3ª RAJ Bauru,Cerqueira César,Fórum Cerqueira César,cerqueira cesar
6634,4ª RAJ Campinas,Cerquilho,Fórum Desembargador Dirceu Rocha Lima,cerquilho
6635,10ª RAJ Sorocaba,Cesário Lange,Fórum da Comarca de Cesário Lange,cesario lange
7147,3ª RAJ Bauru,Chavantes,Fórum Chavantes,chavantes
7147,3ª RAJ Bauru,Chavantes,Fórum (Segundo Prédio),chavantes
6638,8ª RAJ São José do Rio Preto,Colina,Fórum Colina - Desembargador Alcides Faro,colina
6640,4ª RAJ Campinas,Conchal,Fórum I Conchal,conchal
6640,4ª RAJ Campinas,Conchal,Fórum II Conchal (CEJUSC),conchal
6641,3ª RAJ Bauru,Conchas,Fórum Conchas,conchas
6641,3ª RAJ Bauru,Conchas,Fórum Conchas III – (Anexo do Juizado - UAAJ - ANHEMBI),conchas
6641,3ª RAJ Bauru,Conchas,Fórum Conchas IV – (Anexo do Juizado - UAAJ - PEREIRAS),conchas
6642,4ª RAJ Campinas,Cordeirópolis,Fórum Cordeirópolis,cordeiropolis
6646,4ª RAJ Campinas,Cosmópolis,Desembargador Rubens Andrade de Noronha,cosmopolis
6648,1ª RAJ Grande São Paulo,Cotia,Fórum Cotia I - Theodomiro Dias,cotia
6648,1ª RAJ Grande São Paulo,Cotia,Fórum Cotia II - Arquivo,cotia
6649,6ª RAJ Ribeirão Preto,Cravinhos,Fórum I Cravinhos,cravinhos
6649,6ª RAJ Ribeirão Preto,Cravinhos,Fórum II Cravinhos (Residência Oficial),cravinhos
6652,9ª RAJ São José dos Campos,Cruzeiro,Fórum I Cruzeiro,cruzeiro
6652,9ª RAJ São José dos Campos,Cruzeiro,Fórum I,cruzeiro
6652,9ª RAJ São José dos Campos,Cruzeiro,Fórum II Cruzeiro (Residência Oficial),cruzeiro
6652,9ª RAJ São José dos Campos,Cruzeiro,Fórum III Cruzeiro (Posto do CEJUSC),cruzeiro
6653,7ª RAJ Santos,Cubatão,Fórum Cubatão - I,cubatao
6654,9ª RAJ São José dos Campos,Cunha,Fórum I Cunha (Desembargador Hildebrando Dantas de Freitas),cunha
6655,6ª RAJ Ribeirão Preto,Descalvado,FÓRUM DA COMARCA DE DESCALVADO,descalvado
6656,1ª RAJ Grande São Paulo,Diadema,Fórum Diadema - Cível,diadema
6656,1ª RAJ Grande São Paulo,Diadema,Fórum Diadema - Criminal,diadema
6656,1ª RAJ Grande São Paulo,Diadema,Fórum Diadema - Juizado Especial Cível,diadema
6656,1ª RAJ Grande São Paulo,Diadema,Fórum Diadema - Fazenda Pública,diadema
6660,3ª RAJ Bauru,Dois Córregos,Fórum Dois Córregos,dois corregos
6660,3ª RAJ Bauru,Dois Córregos,Fórum Dois Córregos II (Residência Oficial),dois corregos
6663,5ª RAJ Presidente Prudente,Dracena,Fórum de Dracena VI (CEJUSC),dracena
6663,5ª RAJ Presidente Prudente,Dracena,Fórum Dracena I - (Principal),dracena
6663,5ª RAJ Presidente Prudente,Dracena,Fórum Dracena II - (Residência Oficial),dracena
6663,5ª RAJ Presidente Prudente,Dracena,Fórum Dracena V - (CEJUSC - POSTO AVANÇADO - 1ª CIA - PM),dracena
6664,3ª RAJ Bauru,Duartina,Fórum Duartina,duartina
6667,7ª RAJ Santos,Eldorado,Fórum Eldorado Paulista I,eldorado
6671,1ª RAJ Grande São Paulo,Embu das Artes,Fórum Desembargador Gilberto Valente da Silva - Comarca de Embu das Artes,embu das artes
6672,1ª RAJ Grande São Paulo,Embu-Guaçu,Fórum Embu-Guaçu,embu-guacu
6675,4ª RAJ Campinas,Espírito Santo do Pinhal,Fórum Espírito Santo do Pinhal I,espirito santo do pinhal
6675,4ª RAJ Campinas,Espírito Santo do Pinhal,Fórum Espírito Santo do Pinhal II - Arq.Geral/Cart. Eleitoral/Ass. Social,espirito santo do pinhal
6675,4ª RAJ Campinas,Espírito Santo do Pinhal,Fórum Espírito Santo do Pinhal III (CEJUSC),espirito santo do pinhal
6675,4ª RAJ Campinas,Espírito Santo do Pinhal,Fórum Espírito Santo do Pinhal IV (Residência Oficial),espirito santo do pinhal
6677,8ª RAJ São José do Rio Preto,Estrela dOeste,Fórum Estrela D'Oeste,estrela doeste
6680,3ª RAJ Bauru,Fartura,Fórum Desembargador Edmond Acar,fartura
6681,8ª RAJ São José do Rio Preto,Fernandópolis,Fórum Fernandópolis I,fernandopolis
6681,8ª RAJ São José do Rio Preto,Fernandópolis,Fórum Fernandópolis II - (Setor das Execuções Fiscais),fernandopolis
6681,8ª RAJ São José do Rio Preto,Fernandópolis,Fórum Fernandópolis III (CEJUSC),fernandopolis
6681,8ª RAJ São José do Rio Preto,Fernandópolis,Fórum Fernandópolis IV (Psicólogos e Assist. Social),fernandopolis
6681,8ª RAJ São José do Rio Preto,Fernandópolis,Fórum Fernandópolis V (UNIV. BRASIL (Antiga UNICASTELO) – CAMPUS VII,fernandopolis
6681,8ª RAJ São José do Rio Preto,Fernandópolis,Fórum Fernandópolis VI (Anexo do Juizado),fernandopolis
6684,1ª RAJ Grande São Paulo,Ferraz de Vasconcelos,"Fórum de Ferraz de Vasconcelos ""Desembargador Ruy Toledo de Assumpção""",ferraz de vasconcelos
6687,5ª RAJ Presidente Prudente,Flórida Paulista,Fórum Flórida Paulista,florida paulista
6689,6ª RAJ Ribeirão Preto,Franca,Fórum I de Franca,franca
6689,6ª RAJ Ribeirão Preto,Franca,Fórum II de Franca (CEJUSC),franca
6689,6ª RAJ Ribeirão Preto,Franca,Fórum III de Franca (CEJUSC - Posto),franca
6689,6ª RAJ Ribeirão Preto,Franca,Fórum IV de Franca (Anexo do JEC - UNESP),franca
6689,6ª RAJ Ribeirão Preto,Franca,Fórum V de Franca (CEJUSC - 5ª Cia do 15º BPM-I),franca
6690,4ª RAJ Campinas,Francisco Morato,Fórum Francisco Morato I - Vanderlei Aparecido Borges,francisco morato
6690,4ª RAJ Campinas,Francisco Morato,Fórum Francisco Morato IV,francisco morato
6690,4ª RAJ Campinas,Francisco Morato,Fórum Francisco Morato V - CEJUSC (Defensoria Pública),francisco morato
6691,4ª RAJ Campinas,Franco da Rocha,Fórum Franco da Rocha,franco da rocha
6694,5ª RAJ Presidente Prudente,Garça,Fórum I Garça,garca
6694,5ª RAJ Presidente Prudente,Garça,Fórum II Garça (CEJUSC),garca
6693,5ª RAJ Presidente Prudente,Gália,Comarca de Gália,galia
6697,8ª RAJ São José do Rio Preto,General Salgado,Fórum General Salgado (ARGYMIRO ACAYABA DE TOLEDO),general salgado
6698,2ª RAJ Araçatuba,Getulina,Fórum Getulina I - (Principal),getulina
6698,2ª RAJ Araçatuba,Getulina,Fórum Getulina II - (Unidade Forense),getulina
6702,8ª RAJ São José do Rio Preto,Guaíra,Fórum da Comarca de Guaíra I,guaira
6702,8ª RAJ São José do Rio Preto,Guaíra,Fórum Guaíra II,guaira
6710,2ª RAJ Araçatuba,Guararapes,Fórum I Guararapes,guararapes
6711,1ª RAJ Grande São Paulo,Guararema,Fórum I Guararema - (Dr. Francisco Xavier Moretz Sohm),guararema
6711,1ª RAJ Grande São Paulo,Guararema,Fórum II Guararema - (CEJUSC),guararema
6712,9ª RAJ São José dos Campos,Guaratinguetá,Fórum Guaratinguetá I (Principal),guaratingueta
6712,9ª RAJ São José dos Campos,Guaratinguetá,Fórum Guaratinguetá,guaratingueta
6712,9ª RAJ São José dos Campos,Guaratinguetá,Fórum Guaratinguetá III (Execuções Fiscais),guaratingueta
6712,9ª RAJ São José dos Campos,Guaratinguetá,Fórum Guaratinguetá IV (CEJUSC),guaratingueta
6705,6ª RAJ Ribeirão Preto,Guará,Fórum Guará - Desembargador Valentim Alves da Silva,guara
6714,6ª RAJ Ribeirão Preto,Guariba,"Fórum da Comarca de Guariba ""Desembargador Humberto Andrade Junqueira""",guariba
6714,6ª RAJ Ribeirão Preto,Guariba,Fórum Guariba II - CEJUSC,guariba
6715,7ª RAJ Santos,Guarujá,Fórum Guarujá I -  CÍVEL/CRIMINAL,guaruja
6715,7ª RAJ Santos,Guarujá,Fórum Guarujá II - VARA DA FAZENDA PÚBLICA,guaruja
6715,7ª RAJ Santos,Guarujá,Fórum Guarujá III - FAMÍLIA - JEC/JECRIM,guaruja
6715,7ª RAJ Santos,Guarujá,Fórum Guarujá IV - (CEJUSC),guaruja
6715,7ª RAJ Santos,Guarujá,Fórum Guarujá V,guaruja
6716,1ª RAJ Grande São Paulo,Guarulhos,CEJUSC II – UAAJ UNIGUARULHOS,guarulhos
6716,1ª RAJ Grande São Paulo,Guarulhos,Fórum Guarulhos I - (Fórum Criminal - Dr. Murilo Matos Faria),guarulhos
6716,1ª RAJ Grande São Paulo,Guarulhos,Fórum Guarulhos II - (Fórum Cível - Dr. Flávio Cleto Giovanni Trombetti),guarulhos
6716,1ª RAJ Grande São Paulo,Guarulhos,Fórum Guarulhos III - (CEJUSC I – UAAJ UNIFIG),guarulhos
6721,4ª RAJ Campinas,Hortolândia,FÓRUM DA COMARCA DE HORTOLÂNDIA,hortolandia
6721,4ª RAJ Campinas,Hortolândia,PRÉDIO II - ANEXO,hortolandia
6722,6ª RAJ Ribeirão Preto,Iacanga,COMARCA DE IACANGA,iacanga
6722,6ª RAJ Ribeirão Preto,Iacanga,Fórum Iacanga III (CEJUSC),iacanga
6725,6ª RAJ Ribeirão Preto,Ibaté,Fórum Ibaté,ibate
6728,6ª RAJ Ribeirão Preto,Ibitinga,"Fórum ""Dr. Aderson Perdigão Nogueira""",ibitinga
6728,6ª RAJ Ribeirão Preto,Ibitinga,Fórum Ibitinga II,ibitinga
6729,10ª RAJ Sorocaba,Ibiúna,Fórum Ibiúna I - (Principal),ibiuna
6729,10ª RAJ Sorocaba,Ibiúna,Fórum Ibiúna II - (Juizado Especial Cível e Criminal),ibiuna
6731,5ª RAJ Presidente Prudente,Iepê,Fórum Iepê I,iepe
6731,5ª RAJ Presidente Prudente,Iepê,Fórum Iepê II (Anexo do JEC - Nantes),iepe
6733,6ª RAJ Ribeirão Preto,Igarapava,"Fórum ""David Pimentel""",igarapava
6735,7ª RAJ Santos,Iguape,Fórum Iguape I,iguape
6735,7ª RAJ Santos,Iguape,Fórum Iguape III - (Residência Oficial),iguape
6735,7ª RAJ Santos,Iguape,Fórum Iguape IV,iguape
6735,7ª RAJ Santos,Iguape,Fórum Iguape IV - (CEJUSC),iguape
6738,2ª RAJ Araçatuba,Ilha Solteira,Fórum da Comarca de Ilha Solteira,ilha solteira
6736,9ª RAJ São José dos Campos,Ilhabela,Fórum Dr. Manoel Pedro Pimentel,ilhabela
6739,10ª RAJ Sorocaba,Indaiatuba,Fórum Indaiatuba I - (Principal),indaiatuba
6739,10ª RAJ Sorocaba,Indaiatuba,Fórum Indaiatuba V - (CEJUSC),indaiatuba
6743,3ª RAJ Bauru,Ipaussu,Fórum Ipaussu III (Terreno),ipaussu
6743,3ª RAJ Bauru,Ipaussu,Fórum Ipaussu IV,ipaussu
6748,6ª RAJ Ribeirão Preto,Ipuã,Fórum Ipuã,ipua
6748,6ª RAJ Ribeirão Preto,Ipuã,Fórum Ipuâ II - (Juizado Especial),ipua
6752,10ª RAJ Sorocaba,Itaberá,Fórum I Itaberá,itabera
6752,10ª RAJ Sorocaba,Itaberá,Fórum II Itaberá (CEJUSC),itabera
6753,3ª RAJ Bauru,Itaí,Fórum Itaí,itai
6754,8ª RAJ São José do Rio Preto,Itajobi,FORO DA COMARCA DE ITAJOBI,itajobi
6756,7ª RAJ Santos,Itanhaém,Fórum Itanhaém - Desembargador Nelson Pinheiro Franco,itanhaem
6756,7ª RAJ Santos,Itanhaém,Fórum Itanhaém III (Residência Oficial),itanhaem
6758,1ª RAJ Grande São Paulo,Itapecerica da Serra,Fórum I Itapecerica da Serra,itapecerica da serra
6759,10ª RAJ Sorocaba,Itapetininga,Fórum Itapetininga I - (Desembargador Bernardes Júnior),itapetininga
6759,10ª RAJ Sorocaba,Itapetininga,Fórum Itapetininga II (Criminal) Juiz Paulo Rubens Soares Hungria,itapetininga
6760,10ª RAJ Sorocaba,Itapeva,Fórum Itapeva I - Desembargador Euclides de Campos,itapeva
6760,10ª RAJ Sorocaba,Itapeva,Fórum Itapeva II - (Anexo do JEC - UAAJ - FAIT),itapeva
6761,1ª RAJ Grande São Paulo,Itapevi,Fórum Itapevi,itapevi
6762,4ª RAJ Campinas,Itapira,Fórum I Itapira,itapira
6762,4ª RAJ Campinas,Itapira,Fórum II Itapira (CEJUSC),itapira
6765,10ª RAJ Sorocaba,Itaporanga,Fórum Itaporanga- DESEMBARGADOR PLÍNIO DE CARVALHO PINTO,itaporanga
6768,1ª RAJ Grande São Paulo,Itaquaquecetuba,Fórum II de Itaquaquecetuba (CEJUSC),itaquaquecetuba
6768,1ª RAJ Grande São Paulo,Itaquaquecetuba,Fórum I Desembargador Mário Hoeppener Dutra - Itaquaquecetuba,itaquaquecetuba
6769,10ª RAJ Sorocaba,Itararé,Fórum Itararé (Dr. Antônio José Luciano Vieira),itarare
6770,7ª RAJ Santos,Itariri,Fórum Itariri,itariri
6771,4ª RAJ Campinas,Itatiba,Fórum da Comarca de Itatiba,itatiba
6772,3ª RAJ Bauru,Itatinga,CEJUSC - Itatinga,itatinga
6772,3ª RAJ Bauru,Itatinga,Fórum de Itatinga,itatinga
6772,3ª RAJ Bauru,Itatinga,Fórum de Itatinga - (Juizado Especial Cível e Criminal),itatinga
6764,6ª RAJ Ribeirão Preto,Itápolis,Fórum I da Comarca de Itápolis,itapolis
6773,4ª RAJ Campinas,Itirapina,Desembargador Lafayette Salles Júnior,itirapina
6776,10ª RAJ Sorocaba,Itu,Forum Juiz Antonio de Souza Barros,itu
6777,4ª RAJ Campinas,Itupeva,COMARCA DE ITUPEVA/SP,itupeva
6778,6ª RAJ Ribeirão Preto,Ituverava,Fórum Ituverava,ituverava
6780,6ª RAJ Ribeirão Preto,Jaboticabal,Fórum da Comarca de Jaboticabal “Dr. Joaquim Antônio de Oliveira Neves”,jaboticabal
6781,9ª RAJ São José dos Campos,Jacareí,Fórum Jacareí I - (Armando Salles de Oliveira),jacarei
6781,9ª RAJ São José dos Campos,Jacareí,Fórum Jacareí II - (Juizado Especial Cível e Criminal),jacarei
6781,9ª RAJ São José dos Campos,Jacareí,Fórum Jacareí III - Vara da Fazenda Pública,jacarei
6783,7ª RAJ Santos,Jacupiranga,Fórum Jacupiranga I,jacupiranga
6784,4ª RAJ Campinas,Jaguariúna,Fórum I Jaguariúna (Prédio Principal),jaguariuna
6784,4ª RAJ Campinas,Jaguariúna,Fórum III Jaguariúna (CEJUSC - UniFAJ) - (Sala na Faculdade de Jaguariúna),jaguariuna
6784,4ª RAJ Campinas,Jaguariúna,Fórum II Jaguariúna (Prédio Anexo do Juizado),jaguariuna
6785,2ª RAJ Araçatuba,Jales,"FÓRUM ""DR. JOVIANO PACHECO AGUIRRE"" - JALES",jales
6785,2ª RAJ Araçatuba,Jales,FÓRUM JALES - PRÉDIO III (CEJUSC),jales
6785,2ª RAJ Araçatuba,Jales,FÓRUM JALES - PRÉDIO IV (UDAJ - UNIJALES),jales
6785,2ª RAJ Araçatuba,Jales,FÓRUM JALES - PRÉDIO II,jales
6787,1ª RAJ Grande São Paulo,Jandira,Fórum de Jandira Des. CID NORBERTO VIEIRA DE SOUZA,jandira
6788,6ª RAJ Ribeirão Preto,Jardinópolis,CEJUSC Jardinópolis II,jardinopolis
6788,6ª RAJ Ribeirão Preto,Jardinópolis,Fórum Jardinópolis I,jardinopolis
6789,4ª RAJ Campinas,Jarinu,"Fórum ""Desembargador Antonio Joaquim de Oliveira""",jarinu
6789,4ª RAJ Campinas,Jarinu,Fórum II de Jarinu (CEJUSC),jarinu
6790,3ª RAJ Bauru,Jaú,Fórum Jaú I,jau
6790,3ª RAJ Bauru,Jaú,Fórum Jaú I - Antonio Hermógenes Altenfelder Silva,jau
6790,3ª RAJ Bauru,Jaú,Fórum Jaú III (Anexo do JEC - FJAU),jau
6794,8ª RAJ São José do Rio Preto,José Bonifácio,Fórum José Bonifácio - II (CEJUSC),jose bonifacio
6794,8ª RAJ São José do Rio Preto,José Bonifácio,Fórum José Bonifácio I (Principal),jose bonifacio
6797,4ª RAJ Campinas,Jundiaí,Fórum Jundiaí I - (Principal),jundiai
6797,4ª RAJ Campinas,Jundiaí,Fórum Jundiaí III - (Anexo do JEC – FACULD. DIREITO PE. ANCHIETA),jundiai
6798,5ª RAJ Presidente Prudente,Junqueirópolis,Fórum II Junqueirópolis (CEJUSC),junqueiropolis
6798,5ª RAJ Presidente Prudente,Junqueirópolis,Fórum Junqueirópolis,junqueiropolis
6799,7ª RAJ Santos,Juquiá,Fórum Juquiá,juquia
6802,4ª RAJ Campinas,Laranjal Paulista,Fórum Deputado José Costa,laranjal paulista
6805,4ª RAJ Campinas,Leme,Fórum Dr Oscar Ulson,leme
6805,4ª RAJ Campinas,Leme,Fórum II Leme - (Juizado Especial),leme
6805,4ª RAJ Campinas,Leme,Fórum IV Leme - (Anexo do JEC - UNIFIAN),leme
6806,3ª RAJ Bauru,Lençóis Paulista,Fórum Lençóis Paulista I - (Octávio Pinheiro Brizola),lencois paulista
6806,3ª RAJ Bauru,Lençóis Paulista,Setor das Execuções Fiscais da Comarca de Lençóis Paulista,lencois paulista
6806,3ª RAJ Bauru,Lençóis Paulista,Centro Judiciário de Solução de Conflitos e Cidadania da Comarca de Lençóis Pta.,lencois paulista
6807,4ª RAJ Campinas,Limeira,FORUM DA COMARCA DE LIMEIRA I (CÍVEL),limeira
6807,4ª RAJ Campinas,Limeira,FÓRUM DA COMARCA DE LIMEIRA II (CRIMINAL),limeira
6807,4ª RAJ Campinas,Limeira,FÓRUM DA COMARCA DE LIMEIRA III (CEJUSC),limeira
6807,4ª RAJ Campinas,Limeira,Posto Iracemápolis - Cejusc de Limeira - Foro de Limeira,limeira
6809,2ª RAJ Araçatuba,Lins,Fórum Lins I,lins
6809,2ª RAJ Araçatuba,Lins,Fórum Lins III - CEJUSC,lins
6809,2ª RAJ Araçatuba,Lins,Fórum Lins IV - CEJUSC (Polícia),lins
6810,9ª RAJ São José dos Campos,Lorena,Fórum Lorena,lorena
6812,4ª RAJ Campinas,Louveira,Desembargador Lourenço Agostinho Abbá Filho,louveira
6813,5ª RAJ Presidente Prudente,Lucélia,Fórum Lucélia,lucelia
6819,3ª RAJ Bauru,Macatuba,Fórum Desembargador José Gonçalves Sobrinho,macatuba
6820,8ª RAJ São José do Rio Preto,Macaubal,Fórum Macaubal I,macaubal
6820,8ª RAJ São José do Rio Preto,Macaubal,Fórum Macaubal II - (JECC e Psicossocial),macaubal
6823,10ª RAJ Sorocaba,Mairinque,Fórum Mairinque,mairinque
6824,1ª RAJ Grande São Paulo,Mairiporã,Fórum Mairiporã,mairipora
6824,1ª RAJ Grande São Paulo,Mairiporã,Mairiporâ III - CEJUSC,mairipora
6824,1ª RAJ Grande São Paulo,Mairiporã,Prédio do Setor das Execuções Fiscais,mairipora
6827,5ª RAJ Presidente Prudente,Maracaí,Fórum Desembargador Joaquim Bandeira de Mello,maracai
6827,5ª RAJ Presidente Prudente,Maracaí,Fórum Maracaí II - Juizado Especial Cível e Criminal e CEJUSC,maracai
6827,5ª RAJ Presidente Prudente,Maracaí,Fórum Maracaí III - Anexo do Ofício  - Seção Criminal,maracai
6830,5ª RAJ Presidente Prudente,Marília,Fórum Marília I,marilia
6830,5ª RAJ Presidente Prudente,Marília,Fórum Marília II (VEC e SAF),marilia
6830,5ª RAJ Presidente Prudente,Marília,Fórum Marília III (Psicosocial),marilia
6830,5ª RAJ Presidente Prudente,Marília,Fórum Marília IV (CEJUSC),marilia
6832,5ª RAJ Presidente Prudente,Martinópolis,Fórum Martinópolis,martinopolis
6832,5ª RAJ Presidente Prudente,Martinópolis,"Juizado Especial Cível, Criminal e da Fazenda Pública",martinopolis
6833,6ª RAJ Ribeirão Preto,Matão,Fórum I Matão,matao
6834,1ª RAJ Grande São Paulo,Mauá,Fórum Mauá I - (Principal),maua
6838,6ª RAJ Ribeirão Preto,Miguelópolis,Fórum de Miguelópolis,miguelopolis
6840,7ª RAJ Santos,Miracatu,Fórum Isidoro de Jesus Leite,miracatu
6842,2ª RAJ Araçatuba,Mirandópolis,Fórum Mirandópolis,mirandopolis
6842,2ª RAJ Araçatuba,Mirandópolis,Fórum Mirandópolis (Arquivo),mirandopolis
6842,2ª RAJ Araçatuba,Mirandópolis,Fórum Mirandópolis (Juizado Especial Cível e Criminal),mirandopolis
6843,5ª RAJ Presidente Prudente,Mirante do Paranapanema,Fórum I Mirante do Paranapanema,mirante do paranapanema
6844,8ª RAJ São José do Rio Preto,Mirassol,CEJUSC - Mirassol,mirassol
6844,8ª RAJ São José do Rio Preto,Mirassol,Fórum de Mirassol I,mirassol
6844,8ª RAJ São José do Rio Preto,Mirassol,Fórum Mirassol - Anexo Fiscal,mirassol
6846,6ª RAJ Ribeirão Preto,Mococa,Fórum Mococa - João Gomes Barrreto Filho,mococa
6848,4ª RAJ Campinas,Mogi Guaçu,Fórum Mogi Guaçu I,mogi guacu
6848,4ª RAJ Campinas,Mogi Guaçu,Fórum Mogi Guaçu II - (Anexo Fiscal e Juizado Especial),mogi guacu
6848,4ª RAJ Campinas,Mogi Guaçu,Fórum Mogi Guaçu III - CEJUSC,mogi guacu
6848,4ª RAJ Campinas,Mogi Guaçu,Fórum Mogi Guaçu IV - Setor Técnico,mogi guacu
6849,4ª RAJ Campinas,Mogi Mirim,Fórum Mogi Mirim I (Principal),mogi mirim
6849,4ª RAJ Campinas,Mogi Mirim,Fórum Mogi Mirim II - SEF (Secr. da Fazenda),mogi mirim
6849,4ª RAJ Campinas,Mogi Mirim,"Fórum Mogi Mirim III - CEJUSC, JUIZADO ESP.CÍVEL E CRIMINALE COLÉGIO RECURSAL",mogi mirim
6847,1ª RAJ Grande São Paulo,Mogi das Cruzes,"Fórum I Leôncio Arouche de Toledo (Cível, V. Infância e Juventude, JEC e JECRIM)",mogi das cruzes
6847,1ª RAJ Grande São Paulo,Mogi das Cruzes,Fórum II de Mogi das Cruzes - Braz Cubas (Criminal),mogi das cruzes
6847,1ª RAJ Grande São Paulo,Mogi das Cruzes,Forum III de Mogi das Cruzes (Fazenda Pública),mogi das cruzes
6847,1ª RAJ Grande São Paulo,Mogi das Cruzes,Fórum IV Mogi das Cruzes (CEJUSC - UMC),mogi das cruzes
6847,1ª RAJ Grande São Paulo,Mogi das Cruzes,Fórum V Mogi das Cruzes (Juizado Itinerante - Biritiba Mirim),mogi das cruzes
6847,1ª RAJ Grande São Paulo,Mogi das Cruzes,Fórum VI Mogi das Cruzes (Universidade Braz Cubas),mogi das cruzes
6852,7ª RAJ Santos,Mongaguá,"Fórum ""Juiz Eleutério Dutra Filho"" - Mongaguá",mongagua
6854,6ª RAJ Ribeirão Preto,Monte Alto,Fórum Monte Alto I,monte alto
6854,6ª RAJ Ribeirão Preto,Monte Alto,Fórum Monte Alto II da 1ª Vara,monte alto
6854,6ª RAJ Ribeirão Preto,Monte Alto,Fórum Monte Alto III - Juizado Especial Cível,monte alto
6854,6ª RAJ Ribeirão Preto,Monte Alto,Fórum Monte Alto IV (CEJUSC),monte alto
6855,8ª RAJ São José do Rio Preto,Monte Aprazível,Fórum Monte Aprazível,monte aprazivel
6855,8ª RAJ São José do Rio Preto,Monte Aprazível,Fórum Monte Aprazível (Juizado Especial Cível e Criminal),monte aprazivel
6856,8ª RAJ São José do Rio Preto,Monte Azul Paulista,Fórum II Monte Azul Paulista (Residência Oficial),monte azul paulista
6856,8ª RAJ São José do Rio Preto,Monte Azul Paulista,Fórum Desembargador Otávio Stucchi - Monte Azul Paulista -,monte azul paulista
6859,4ª RAJ Campinas,Monte Mor,Fórum Desembargador Antonio Garrigós Vinhaes,monte mor
6860,6ª RAJ Ribeirão Preto,Morro Agudo,Fórum Mário Masagão,morro agudo
6867,4ª RAJ Campinas,Nazaré Paulista,FÓRUM DESEMBARGADOR SEBASTIÃO DA SILVA PINTO,nazare paulista
6868,8ª RAJ São José do Rio Preto,Neves Paulista,Fórum de Neves Paulista,neves paulista
6869,8ª RAJ São José do Rio Preto,Nhandeara,Fórum Nhandeara,nhandeara
6869,8ª RAJ São José do Rio Preto,Nhandeara,Fórum Nhandeara II - (Juizado Especial Cível e Criminal),nhandeara
6869,8ª RAJ São José do Rio Preto,Nhandeara,Fórum Nhandeara III (Anexo Escola Joaquim Fernandes de Melo),nhandeara
6876,8ª RAJ São José do Rio Preto,Nova Granada,Fórum Nova Granada I - Principal,nova granada
6876,8ª RAJ São José do Rio Preto,Nova Granada,Fórum Nova Granada II (CEJUSC),nova granada
6881,4ª RAJ Campinas,Nova Odessa,"FORUM ""DR WALDOMIRO DELFINO DE AMORIM LIMA""",nova odessa
6882,8ª RAJ São José do Rio Preto,Novo Horizonte,Fórum I Novo Horizonte,novo horizonte
6882,8ª RAJ São José do Rio Preto,Novo Horizonte,Fórum II Novo Horizonte (CEJUSC),novo horizonte
6882,8ª RAJ São José do Rio Preto,Novo Horizonte,Fórum III Novo Horizonte (Juizado Especial Cível e Criminal),novo horizonte
6883,6ª RAJ Ribeirão Preto,Nuporanga,Fórum Nuporanga - (Des. Antonio Rodrigues Porto),nuporanga
6886,8ª RAJ São José do Rio Preto,Olímpia,Fórum Olímpia I - (Principal),olimpia
6886,8ª RAJ São José do Rio Preto,Olímpia,Fórum Olímpia II (3ª Vara Cível),olimpia
6886,8ª RAJ São José do Rio Preto,Olímpia,Fórum Olímpia III - (Vara do Juizado Especial Cível e Criminal),olimpia
6886,8ª RAJ São José do Rio Preto,Olímpia,Fórum Olímpia IV - (Setor das Execuções Fiscais),olimpia
6886,8ª RAJ São José do Rio Preto,Olímpia,Fórum Olímpia V - (CEJUSC),olimpia
6886,8ª RAJ São José do Rio Preto,Olímpia,Fórum Olímpia VI - (Anexo do JEC - UAAJ - CAJOBI),olimpia
6890,6ª RAJ Ribeirão Preto,Orlândia,"Fórum "" Antonio de Quadros""",orlandia
6891,1ª RAJ Grande São Paulo,Osasco,Fórum Osasco ( Principal),osasco
6891,1ª RAJ Grande São Paulo,Osasco,Fórum Osasco (CEJUSC),osasco
6891,1ª RAJ Grande São Paulo,Osasco,Fórum Osasco (Varas da Fazenda Pública),osasco
6891,1ª RAJ Grande São Paulo,Osasco,Fórum Osasco II - (Varas da Família e das Sucessões),osasco
6893,5ª RAJ Presidente Prudente,Osvaldo Cruz,"Fórum ""Desembargador Márcio Munhoz""",osvaldo cruz
6893,5ª RAJ Presidente Prudente,Osvaldo Cruz,Fórum Osvaldo Cruz II - CEJUSC,osvaldo cruz
6894,3ª RAJ Bauru,Ourinhos,Fórum I Ourinhos,ourinhos
6895,8ª RAJ São José do Rio Preto,Ouroeste,FORO DA COMARCA DE OUROESTE,ouroeste
6895,8ª RAJ São José do Rio Preto,Ouroeste,Fórum ca Comarca de Ouroeste II (CEJUSC),ouroeste
6895,8ª RAJ São José do Rio Preto,Ouroeste,Fórum da Comarca de Ouroeste III (Anexo do JEC - UAAJ - INDIAPORÃ),ouroeste
6897,5ª RAJ Presidente Prudente,Pacaembu,Fórum Pacaembu,pacaembu
6898,8ª RAJ São José do Rio Preto,Palestina,"""Fórum: José Eduardo Coelho de Paula""",palestina
6900,2ª RAJ Araçatuba,Palmeira d'Oeste,Fórum da Comarca de Palmeira d’Oeste,palmeira doeste
6901,5ª RAJ Presidente Prudente,Palmital,Fórum Dr. Ethayba Gilson Parahiba,palmital
6902,5ª RAJ Presidente Prudente,Panorama,Fórum I Panorama,panorama
6902,5ª RAJ Presidente Prudente,Panorama,Fórum II Panorama (CEJUSC),panorama
6903,5ª RAJ Presidente Prudente,Paraguaçu Paulista,Fórum Paraguaçu Paulista,paraguacu paulista
6904,9ª RAJ São José dos Campos,Paraibuna,Fórum Paraibuna - (Dr Getúlio Evaristo dos Santos),paraibuna
6906,3ª RAJ Bauru,Paranapanema,Fórum da Comarca de Paranapanema,paranapanema
6906,3ª RAJ Bauru,Paranapanema,Juizado Especial Cível e Criminal do Foro de Paranapanema,paranapanema
6906,3ª RAJ Bauru,Paranapanema,Fórum Paranapanema III - (Seção de Execução Fiscal),paranapanema
6910,7ª RAJ Santos,Pariquera-Açu,Comarca de Pariquera-Açu,pariquera-acu
6912,6ª RAJ Ribeirão Preto,Patrocínio Paulista,Fórum I Patrocínio Paulista,patrocinio paulista
6912,6ª RAJ Ribeirão Preto,Patrocínio Paulista,Fórum II Patrocínio Paulista,patrocinio paulista
6914,4ª RAJ Campinas,Paulínia,FORO DA COMARCA DE PAULÍNIA,paulinia
6914,4ª RAJ Campinas,Paulínia,Fórum II Paulínia (CEJUSC),paulinia
6916,8ª RAJ São José do Rio Preto,Paulo de Faria,"Fórum ""PROMOTOR GABRIEL NETTUZZI PEREZ""",paulo de faria
6916,8ª RAJ São José do Rio Preto,Paulo de Faria,Fórum II da Comarca de Paulo de Faria (CEJUSC/JECC),paulo de faria
6917,3ª RAJ Bauru,Pederneiras,Fórum Pederneiras I,pederneiras
6917,3ª RAJ Bauru,Pederneiras,Fórum Pederneiras II (CEJUSC),pederneiras
6917,3ª RAJ Bauru,Pederneiras,Fórum Pederneiras III (Arquivo Geral de Móveis),pederneiras
6920,6ª RAJ Ribeirão Preto,Pedregulho,FÓRUM DESEMBARGADOR DÍNIO DE SANTIS GARCIA,pedregulho
6921,4ª RAJ Campinas,Pedreira,Fórum Pedreira -Dr. Artur Moreira de Almeida,pedreira
6924,2ª RAJ Araçatuba,Penápolis,Fórum Penápolis I -,penapolis
6924,2ª RAJ Araçatuba,Penápolis,Fórum Penápolis II - (Juizado Especial),penapolis
6925,2ª RAJ Araçatuba,Pereira Barreto,Fórum I Pereira Barreto,pereira barreto
6927,7ª RAJ Santos,Peruíbe,Forum II  Peruíbe (Anexo de Violência Doméstica e Familiar contra a Mulher),peruibe
6927,7ª RAJ Santos,Peruíbe,Fórum Peruíbe,peruibe
6929,10ª RAJ Sorocaba,Piedade,FÓRUM DESEMBARGADOR OSWALDO PINTO DO AMARAL,piedade
6929,10ª RAJ Sorocaba,Piedade,Fórum Piedade II - Juizado Especial Cível,piedade
6929,10ª RAJ Sorocaba,Piedade,Fórum Piedade III (CEJUSC),piedade
6930,10ª RAJ Sorocaba,Pilar do Sul,Fórum Desembargador Renato Carlos Mascarenhas (Prédio II),pilar do sul
6930,10ª RAJ Sorocaba,Pilar do Sul,Fórum Desembargador Renato Carlos Mascarenhas (Prédio Principal),pilar do sul
6931,9ª RAJ São José dos Campos,Pindamonhangaba,Fórum Juiz José Roberto Paim,pindamonhangaba
6933,4ª RAJ Campinas,Pinhalzinho,Fórum Pinhalzinho,pinhalzinho
6935,9ª RAJ São José dos Campos,Piquete,FORO DA COMARCA DE PIQUETE,piquete
6936,4ª RAJ Campinas,Piracaia,Fórum Desembargador Joaquim Barbosa de Almeida,piracaia
6937,4ª RAJ Campinas,Piracicaba,Fórum Piracicaba I - (Principal),piracicaba
6938,3ª RAJ Bauru,Piraju,Fórum Dr. Simão Eugênio de Oliveira Lima,piraju
6938,3ª RAJ Bauru,Piraju,JUIZADO ESPECIAL CÍVEL E CRIMINAL DE PIRAJU,piraju
6939,3ª RAJ Bauru,Pirajuí,Fórum Pirajuí  (Alexandre Delphino Amorim Lima),pirajui
6940,6ª RAJ Ribeirão Preto,Pirangi,Fórum de Pirangi,pirangi
6942,5ª RAJ Presidente Prudente,Pirapozinho,Dr. Antonio José Machado Dias,pirapozinho
6943,4ª RAJ Campinas,Pirassununga,Fórum Pirassununga I - (Principal),pirassununga
6943,4ª RAJ Campinas,Pirassununga,Fórum Pirassununga II - (Juizado Especial Cível e Criminal),pirassununga
6943,4ª RAJ Campinas,Pirassununga,Fórum Pirassununga III - (SETOR TÉCNICO),pirassununga
6944,3ª RAJ Bauru,Piratininga,Fórum Piratininga - (Arthur César da Silva Whitaker),piratininga
6945,6ª RAJ Ribeirão Preto,Pitangueiras,Fórum da Comarca de  Pitangueiras,pitangueiras
6948,1ª RAJ Grande São Paulo,Poá,Fórum Poá III (CEJUSC),poa
6948,1ª RAJ Grande São Paulo,Poá,Fórum da Comarca de Poá,poa
6948,1ª RAJ Grande São Paulo,Poá,Serviço Anexo das Fazendas da Comarca de Poá e Central de Mandados,poa
6950,5ª RAJ Presidente Prudente,Pompéia,Fórum Dr. Antonio da Rocha Paes,pompeia
6950,5ª RAJ Presidente Prudente,Pompéia,Fórum Pompéia II (Residência Oficial),pompeia
6952,6ª RAJ Ribeirão Preto,Pontal,"""JUIZ MANUEL CARLOS DE FIGUEIREDO FERRAZ FILHO""",pontal
6956,10ª RAJ Sorocaba,Porangaba,Fórum Porangaba I,porangaba
6956,10ª RAJ Sorocaba,Porangaba,Fórum Porangaba II (Anexo do JEC - UAAJ - BOFETE),porangaba
6956,10ª RAJ Sorocaba,Porangaba,Fórum Porangaba III (Anexo do JEC - UAAJ - GUAREÍ),porangaba
6957,10ª RAJ Sorocaba,Porto Feliz,Fórum Porto Feliz,porto feliz
6958,4ª RAJ Campinas,Porto Ferreira,Fórum Dr. Luiz Guilherme Wertheimer,porto ferreira
6958,4ª RAJ Campinas,Porto Ferreira,Fórum Porto Ferreira II - (Execuções Fiscais),porto ferreira
6960,8ª RAJ São José do Rio Preto,Potirendaba,Fórum Potirendaba,potirendaba
6963,7ª RAJ Santos,Praia Grande,Fórum Praia Grande - (Dr. Guilherme Penteado Campos,praia grande
6966,5ª RAJ Presidente Prudente,Presidente Bernardes,Fórum Ministro Pedro Lessa,presidente bernardes
6966,5ª RAJ Presidente Prudente,Presidente Bernardes,Fórum Presidente Bernardes (CEJUSC),presidente bernardes
6967,5ª RAJ Presidente Prudente,Presidente Epitácio,Fórum Presidente Epitácio,presidente epitacio
6967,5ª RAJ Presidente Prudente,Presidente Epitácio,Fórum Presidente Epitácio II (CEJUSC),presidente epitacio
6968,5ª RAJ Presidente Prudente,Presidente Prudente,Fórum Presidente Prudente - Francisco de Souza Nogueira,presidente prudente
6968,5ª RAJ Presidente Prudente,Presidente Prudente,Fórum Presidente Prudente II (CEJUSC),presidente prudente
6969,5ª RAJ Presidente Prudente,Presidente Venceslau,Fórum Presidente Venceslau - J.P.C. Cardoso,presidente venceslau
6970,2ª RAJ Araçatuba,Promissão,Fórum I de Promissão,promissao
6970,2ª RAJ Araçatuba,Promissão,Fórum III de Promissão,promissao
6970,2ª RAJ Araçatuba,Promissão,Fórum II de Promissão (Juizado Especial Cível e Criminal),promissao
6972,5ª RAJ Presidente Prudente,Quatá,Fórum I da Comarca de Quatá,quata
6972,5ª RAJ Presidente Prudente,Quatá,Fórum II da Comarca de Quatá (Cartório Eleitorial),quata
6974,9ª RAJ São José dos Campos,Queluz,Fórum Desembargador Ferreira França,queluz
6974,9ª RAJ São José dos Campos,Queluz,Fórum II Queluz (Arquivo),queluz
6977,5ª RAJ Presidente Prudente,Rancharia,Forum de Rancharia II - JEC e Criminal da Comarca de Rancharia,rancharia
6977,5ª RAJ Presidente Prudente,Rancharia,Fórum Rancharia I (Desembargador Volney Correa Leite de Moraes Júnior),rancharia
6979,5ª RAJ Presidente Prudente,Regente Feijó,Fórum da Comarca de Regente Feijó I,regente feijo
6981,7ª RAJ Santos,Registro,Fórum de Registro I (Dr. Cyro Camargo da Fonseca),registro
6981,7ª RAJ Santos,Registro,Fórum de Registro II (SAF e Setor Técnico),registro
6984,6ª RAJ Ribeirão Preto,Ribeirão Bonito,Fórum I Ribeirão Bonito,ribeirao bonito
6990,1ª RAJ Grande São Paulo,Ribeirão Pires,Fórum Ribeirão Pires I,ribeirao pires
6990,1ª RAJ Grande São Paulo,Ribeirão Pires,Fórum Ribeirão Pires II - (Serviço Anexo das Fazendas),ribeirao pires
6990,1ª RAJ Grande São Paulo,Ribeirão Pires,Fórum Ribeirão Pires III (CEJUSC),ribeirao pires
6991,6ª RAJ Ribeirão Preto,Ribeirão Preto,Fórum Ribeirão Preto III - (CEJUSC),ribeirao preto
6991,6ª RAJ Ribeirão Preto,Ribeirão Preto,Tribunal de Justiça da Comarca de Ribeirão Preto - Prédio I,ribeirao preto
6996,4ª RAJ Campinas,Rio Claro,Fórum Rio Claro I - (Central) - Desembargador Paulo Colombo Pereira de Queiroz,rio claro
6996,4ª RAJ Campinas,Rio Claro,Fórum Rio Claro IV - (Arquivo Geral),rio claro
6996,4ª RAJ Campinas,Rio Claro,Fórum Rio Claro V - (Estacionamento),rio claro
6996,4ª RAJ Campinas,Rio Claro,Fórum Rio Claro VII - (Criminal) - Doutor Luiz Gonzaga de Arruda Campos,rio claro
6998,1ª RAJ Grande São Paulo,Rio Grande da Serra,Fórum Rio Grande da Serra,rio grande da serra
6997,4ª RAJ Campinas,Rio das Pedras,Fórum de Rio das Pedras,rio das pedras
6997,4ª RAJ Campinas,Rio das Pedras,Fórum de Rio das Pedras (Juizado Especial Cível e Criminal),rio das pedras
7000,5ª RAJ Presidente Prudente,Rosana,Fórum Rosana,rosana
7001,9ª RAJ São José dos Campos,Roseira,JUIZ ALBERTO GENTIL DE ALMEIDA PEDROSO FILHO,roseira
7008,9ª RAJ São José dos Campos,Salesópolis,Fórum Salesópolis (Juiz Messias José de Melo Souza),salesopolis
7011,10ª RAJ Sorocaba,Salto,Fórum Salto I (Principal),salto
7011,10ª RAJ Sorocaba,Salto,"Fórum Salto II (Juizado Especial, Setor de Execuções Fiscais e Setor Técnico)",salto
7011,10ª RAJ Sorocaba,Salto,Fórum Salto III (Central de Mandados e Cejusc),salto
7012,10ª RAJ Sorocaba,Salto de Pirapora,Fórum Desembargador Bento Mascarenhas Filho,salto de pirapora
7015,8ª RAJ São José do Rio Preto,Santa Adélia,Fórum de Santa Adélia I,santa adelia
7015,8ª RAJ São José do Rio Preto,Santa Adélia,Fórum de Santa Adélia II (JEC/Jecrim/Arquivo/Cejusc),santa adelia
7017,4ª RAJ Campinas,Santa Bárbara d'Oeste,ANEXO FISCAL - Fórum Santa Bárbara d´Oeste,santa barbara doeste
7017,4ª RAJ Campinas,Santa Bárbara d'Oeste,Desembargador Adérito Pereira da Silva,santa barbara doeste
7018,9ª RAJ São José dos Campos,Santa Branca,Fórum Desembargador Roberto Maldonado Loureiro,santa branca
7022,6ª RAJ Ribeirão Preto,Santa Cruz das Palmeiras,Fórum Santa Cruz das Palmeiras I,santa cruz das palmeiras
7022,6ª RAJ Ribeirão Preto,Santa Cruz das Palmeiras,Fórum Santa Cruz das Palmeiras II (CEJUSC),santa cruz das palmeiras
7023,3ª RAJ Bauru,Santa Cruz do Rio Pardo,Fórum Doutor Augusto José da Costa,santa cruz do rio pardo
7023,3ª RAJ Bauru,Santa Cruz do Rio Pardo,Fórum Santa Cruz do Rio Pardo (CEJUSC),santa cruz do rio pardo
7023,3ª RAJ Bauru,Santa Cruz do Rio Pardo,Fórum Santa Cruz do Rio Pardo (Juizado Especial Cível),santa cruz do rio pardo
7025,2ª RAJ Araçatuba,Santa Fé do Sul,Fórum Santa Fé do Sul I,santa fe do sul
7025,2ª RAJ Araçatuba,Santa Fé do Sul,"Fórum Santa Fé do Sul II - (CEJUSC, JEC e Unidade Avançada)",santa fe do sul
7025,2ª RAJ Araçatuba,Santa Fé do Sul,Fórum Santa Fé do Sul IV - (Unid. Dig. Atend. Jud. - Três Fronteiras),santa fe do sul
7027,1ª RAJ Grande São Paulo,Santa Isabel,Fórum  Santa Isabel I,santa isabel
7027,1ª RAJ Grande São Paulo,Santa Isabel,Fórum Santa Isabel II - (Juizado Especial e SADM),santa isabel
7034,4ª RAJ Campinas,Santa Rita do Passa Quatro,Fórum Prof. Antonio Calixto Leal,santa rita do passa quatro
7035,6ª RAJ Ribeirão Preto,Santa Rosa de Viterbo,Fórum Santa Rosa de Viterbo,santa rosa do viterbo
7032,1ª RAJ Grande São Paulo,Santana de Parnaíba,Fórum de Santana de Parnaíba I,santana de parnaiba
7037,5ª RAJ Presidente Prudente,Santo Anastácio,Fórum I Santo Anastácio,santo anastacio
7038,1ª RAJ Grande São Paulo,Santo André,Fórum Santo André I,santo andre
7046,7ª RAJ Santos,Santos,Fórum Santos I,santos
7046,7ª RAJ Santos,Santos,Fórum Santos II (Cível),santos
7046,7ª RAJ Santos,Santos,Fórum Santos VI - (Anexo do Juizado - UNISANTOS),santos
7046,7ª RAJ Santos,Santos,Fórum Santos VII - (Anexo do Juizado - UNISANTA),santos
7047,9ª RAJ São José dos Campos,São Bento do Sapucaí,Fórum Juiz Francisco Chiaradia Netto - São Bento do Sapucaí,sao bento do sapucai
7048,1ª RAJ Grande São Paulo,São Bernardo do Campo,Fórum Ministro Nelson Hungria I,sao bernardo do campo
7049,1ª RAJ Grande São Paulo,São Caetano do Sul,Fórum São Caetano do Sul I,sao caetano do sul
7049,1ª RAJ Grande São Paulo,São Caetano do Sul,Fórum São Caetano do Sul II - (CEJUSC),sao caetano do sul
7050,6ª RAJ Ribeirão Preto,São Carlos,Fórum São Carlos I - (Criminal),sao carlos
7050,6ª RAJ Ribeirão Preto,São Carlos,Fórum São Carlos II - (Civel),sao carlos
7056,6ª RAJ Ribeirão Preto,São Joaquim da Barra,Fórum São Joaquim da Barra I,sao joaquim da barra
7052,4ª RAJ Campinas,São João da Boa Vista,Cartório Anexo do Juizado Especial Cível - UNIFEOB.,sao joao da boa vista
7052,4ª RAJ Campinas,São João da Boa Vista,Fórum I Dr. Plínio Barreto,sao joao da boa vista
7059,6ª RAJ Ribeirão Preto,São José do Rio Pardo,Fórum Jovino de Syllos - São José do Rio Pardo -,sao jose do rio pardo
7060,8ª RAJ São José do Rio Preto,São José do Rio Preto,Fórum São José do Rio Preto I - (Central),sao jose do rio preto
7060,8ª RAJ São José do Rio Preto,São José do Rio Preto,"Fórum São José do Rio Preto II - (Cível, Fazenda e DARAJ 8)",sao jose do rio preto
7060,8ª RAJ São José do Rio Preto,São José do Rio Preto,"Fórum São José do Rio Preto III - (Família, JEC e Infância)",sao jose do rio preto
7061,9ª RAJ São José dos Campos,São José dos Campos,Fórum São José dos Campos I (Principal),sao jose dos campos
7061,9ª RAJ São José dos Campos,São José dos Campos,Fórum São José dos Campos II - (CEJUSC e Execuções Fiscais),sao jose dos campos
7061,9ª RAJ São José dos Campos,São José dos Campos,Fórum São José dos Campos IV (Anexo Unip),sao jose dos campos
7063,9ª RAJ São José dos Campos,São Luiz do Paraitinga,Promotor Francisco Esmeraldo de Melo,sao luiz do paraitinga
7064,3ª RAJ Bauru,São Manuel,"Fórum Desembargador ""Julio César de Faria""",sao manuel
7064,3ª RAJ Bauru,São Manuel,Fórum São Manuel II (Arquivo),sao manuel
7064,3ª RAJ Bauru,São Manuel,Fórum São Manuel III (CEJUSC),sao manuel
7064,3ª RAJ Bauru,São Manuel,Fórum São Manuel IV (Anexo do JEC - UAAJ - AREIÓPOLIS),sao manuel
7065,10ª RAJ Sorocaba,São Miguel Arcanjo,"Fórum ""Desembargador Luiz Gonzaga de Campos Gouvêa""",sao miguel arcanjo
7065,10ª RAJ Sorocaba,São Miguel Arcanjo,Fórum II - São Miguel Arcanjo (JEC/JECrim),sao miguel arcanjo
7066,1ª RAJ Grande São Paulo,São Paulo,1,sao paulo
7066,1ª RAJ Grande São Paulo,São Paulo,Página 1 de 5,sao paulo
7066,1ª RAJ Grande São Paulo,São Paulo,Centro Administrativo - Consolação,sao paulo
7066,1ª RAJ Grande São Paulo,São Paulo,Centro de Integração da Cidadania - CIC Feitiço da Vila,sao paulo
7066,1ª RAJ Grande São Paulo,São Paulo,Centro de Integração da Cidadania - CIC Leste,sao paulo
7066,1ª RAJ Grande São Paulo,São Paulo,Centro de Integração da Cidadania - CIC Oeste,sao paulo
7066,1ª RAJ Grande São Paulo,São Paulo,Centro de Integração da Cidadania - CIC SUL,sao paulo
7066,1ª RAJ Grande São Paulo,São Paulo,Complexo Judicário Ipiranga,sao paulo
7066,1ª RAJ Grande São Paulo,São Paulo,Foro Regional II - Santo Amaro - Casa do Advogado,sao paulo
7066,1ª RAJ Grande São Paulo,São Paulo,Foro Regional II - Santo Amaro - Prédio Adolfo Pinheiro,sao paulo
7066,1ª RAJ Grande São Paulo,São Paulo,Foro Regional II - Santo Amaro - Prédio Nações Unidas,sao paulo
7066,1ª RAJ Grande São Paulo,São Paulo,Foro Regional III - Jabaquara/Saúde,sao paulo
7066,1ª RAJ Grande São Paulo,São Paulo,Foro Regional XV - Butantã,sao paulo
7066,1ª RAJ Grande São Paulo,São Paulo,Fórum Criminal Complexo Judiciário Ministro Mário Guimarães - Barra Funda,sao paulo
7067,4ª RAJ Campinas,São Pedro,"Fórum ""Francisco Mendes de Aguiar""",sao pedro
7069,10ª RAJ Sorocaba,São Roque,Fórum São Roque I,sao roque
7070,9ª RAJ São José dos Campos,São Sebastião,CENTRO JUDICIÁRIO DE SOLUÇÃO DE CONFLITOS E CIDADANIA DE SÃO SEBASTIÃO,sao sebastiao
7070,9ª RAJ São José dos Campos,São Sebastião,Ed. Promotor Carlos Siqueira Neto,sao sebastiao
7071,6ª RAJ Ribeirão Preto,São Sebastião da Grama,Fórum da Comarca de São Sebastião da Grama,sao sebastiao da grama
7071,6ª RAJ Ribeirão Preto,São Sebastião da Grama,Fórum da Comarca de São Sebastião da Grama (JEC),sao sebastiao da grama
7072,6ª RAJ Ribeirão Preto,São Simão,Fórum de São Simão,sao simao
7072,6ª RAJ Ribeirão Preto,São Simão,Fórum II São Simão (Residência Oficial),sao simao
7073,7ª RAJ Santos,São Vicente,Fórum DR. ANTONIO FELICIANO,sao vicente
7073,7ª RAJ Santos,São Vicente,Fórum São Vicente II - ( Fazenda Pública),sao vicente
7073,7ª RAJ Santos,São Vicente,Fórum São Vicente III - (Juizado Especial),sao vicente
7073,7ª RAJ Santos,São Vicente,Seção Administrativa de Distribuição de Mandados,sao vicente
7073,7ª RAJ Santos,São Vicente,Fórum São Vicente VI - (Almoxarifado e Arquivo),sao vicente
7073,7ª RAJ Santos,São Vicente,1ª e 2ª VARAS DA FAMÍLIA e CENTRO JUDICIÁRIO DE SOLUÇÃO DE CONFLITOS E CIDADANIA,sao vicente
7079,4ª RAJ Campinas,Serra Negra,Fórum Serra Negra I - (Principal),serra negra
7079,4ª RAJ Campinas,Serra Negra,Fórum Serra Negra II - (Distribuidor e Seção de Administração Geral),serra negra
7079,4ª RAJ Campinas,Serra Negra,Fórum Serra Negra III - (Juizado Especial Cível),serra negra
7079,4ª RAJ Campinas,Serra Negra,Fórum Serra Negra IV - (ARQUIVO e a SADM),serra negra
7078,6ª RAJ Ribeirão Preto,Serrana,Fórum Serrana,serrana
7080,6ª RAJ Ribeirão Preto,Sertãozinho,Fórum Sertãozinho I,sertaozinho
7080,6ª RAJ Ribeirão Preto,Sertãozinho,Fórum Sertãozinho II - CEJUSC / SEF,sertaozinho
7084,4ª RAJ Campinas,Socorro,"Fórum ""Dr. Alfredo de Carvalho Pinto""",socorro
7084,4ª RAJ Campinas,Socorro,Fórum II de Socorro (Juizado Especial Cível e Criminal),socorro
7085,10ª RAJ Sorocaba,Sorocaba,Fórum Sorocaba I - Ministro Piza e Almeida,sorocaba
7085,10ª RAJ Sorocaba,Sorocaba,Prédio do CEJUSC I Sorocaba,sorocaba
7085,10ª RAJ Sorocaba,Sorocaba,Prédio do CEJUSC IX Sorocaba - Araçoiaba da Serra,sorocaba
7085,10ª RAJ Sorocaba,Sorocaba,Prédio do Juizado Especial Cível VII Sorocaba – anexo FADI,sorocaba
7087,4ª RAJ Campinas,Sumaré,Fórum Sumaré I,sumare
7087,4ª RAJ Campinas,Sumaré,Fórum Sumaré III - Cejusc,sumare
7088,1ª RAJ Grande São Paulo,Suzano,Fórum Suzano I - Cível - Criminal - JEC- Anexo das Fazendas,suzano
7088,1ª RAJ Grande São Paulo,Suzano,Fórum Suzano II - (Cejusc),suzano
7090,8ª RAJ São José do Rio Preto,Tabapuã,Fórum Tabapuã,tabapua
7092,1ª RAJ Grande São Paulo,Taboão da Serra,CEJUSC - Taboão da Serra,taboao da serra
7092,1ª RAJ Grande São Paulo,Taboão da Serra,Fórum Taboão da Serra I - (Principal),taboao da serra
7092,1ª RAJ Grande São Paulo,Taboão da Serra,Fórum Taboão da Serra II - Anexo Fiscal,taboao da serra
7092,1ª RAJ Grande São Paulo,Taboão da Serra,Fórum Taboão da Serra III - Arq. das Execuções Fiscais,taboao da serra
7097,6ª RAJ Ribeirão Preto,Tambaú,Fórum Tambaú,tambau
7098,8ª RAJ São José do Rio Preto,Tanabi,Fórum Dr. Acrísio Pires Domingues,tanabi
7098,8ª RAJ São José do Rio Preto,Tanabi,Fórum Tanabi (Juizado Especial Cível e Criminal),tanabi
7102,6ª RAJ Ribeirão Preto,Taquaritinga,Fórum Taquaritinga I,taquaritinga
7102,6ª RAJ Ribeirão Preto,Taquaritinga,Fórum Taquaritinga II (Anexo Fiscal / JECCrim / Central de Mandados),taquaritinga
7102,6ª RAJ Ribeirão Preto,Taquaritinga,Fórum Taquaritinga III ( CEJUSC ),taquaritinga
7103,3ª RAJ Bauru,Taquarituba,Fórum I Taquarituba - Joaquim Rodrigues,taquarituba
7103,3ª RAJ Bauru,Taquarituba,Fórum II Taquarituba (Residência Oficial),taquarituba
7107,10ª RAJ Sorocaba,Tatuí,Fórum Tatuí I,tatui
7108,9ª RAJ São José dos Campos,Taubaté,Fórum Taubaté I - (Criminal),taubate
7108,9ª RAJ São José dos Campos,Taubaté,Fórum Cível da Comarca de Taubaté,taubate
7108,9ª RAJ São José dos Campos,Taubaté,Fórum Taubaté  (Fazenda Pública),taubate
7108,9ª RAJ São José dos Campos,Taubaté,Fórum Taubaté V - (Cartório Setor Técnico),taubate
7108,9ª RAJ São José dos Campos,Taubaté,Fórum Taubaté VI - (Anexo do JEC - UNITAU),taubate
7110,5ª RAJ Presidente Prudente,Teodoro Sampaio,Fórum de Teodoro Sampaio I (JIC e JEC),teodoro sampaio
7110,5ª RAJ Presidente Prudente,Teodoro Sampaio,Fórum de Teodoro Sampaio II (Anexo do JEC - UAAJ - Euclides da Cunha Paulista),teodoro sampaio
7112,4ª RAJ Campinas,Tietê,Fórum Tietê,tiete
7112,4ª RAJ Campinas,Tietê,Fórum da Comarca de Tietê III (Cartório Eleitoral),tiete
7117,9ª RAJ São José dos Campos,Tremembé,"""Desembargador Jurandyr Nilsson""",tremembe
7120,5ª RAJ Presidente Prudente,Tupã,Fórum Tupã I,tupa
7121,5ª RAJ Presidente Prudente,Tupi Paulista,Fórum I Tupi Paulista,tupi paulista
7121,5ª RAJ Presidente Prudente,Tupi Paulista,Fórum II Tupi Paulista,tupi paulista
7125,9ª RAJ São José dos Campos,Ubatuba,Fórum Ubatuba - Des. Joaquim de Syllus Cintra,ubatuba
7129,2ª RAJ Araçatuba,Urânia,Fórum da Comarca de Urânia I,urania
7129,2ª RAJ Araçatuba,Urânia,Fórum da Comarca de Urânia II (Cejusc),urania
7131,8ª RAJ São José do Rio Preto,Urupês,Fórum Urupês,urupes
7133,4ª RAJ Campinas,Valinhos,Fórum Valinhos I - (Principal),valinhos
7133,4ª RAJ Campinas,Valinhos,Fórum Valinhos II - (Vara do Juizado Especial Cível e Criminal),valinhos
7133,4ª RAJ Campinas,Valinhos,Fórum Valinhos III - (Setor das Execuções Fiscais),valinhos
7134,2ª RAJ Araçatuba,Valparaíso,Fórum Desembargador Antonio Marzagão Barbuto,valparaiso
7134,2ª RAJ Araçatuba,Valparaíso,Juizado Especial Cível da Comarca de Valparaíso,valparaiso
7137,1ª RAJ Grande São Paulo,Vargem Grande Paulista,Desembargador HELIO DE QUADROS ARRUDA,vargem grande paulista
7136,4ª RAJ Campinas,Vargem Grande do Sul,Fórum Vargem Grande do Sul,vargem grande do sul
7138,4ª RAJ Campinas,Várzea Paulista,Fórum da Comarca de Várzea Paulista I,varzea paulista
7138,4ª RAJ Campinas,Várzea Paulista,Forum da Comarca de Várzea Paulista II - Setor de Execuções Fiscais,varzea paulista
7140,4ª RAJ Campinas,Vinhedo,Fórum Juiz João Mendes,vinhedo
7140,4ª RAJ Campinas,Vinhedo,Fórum Vinhedo II - Execução Fiscal,vinhedo
7140,4ª RAJ Campinas,Vinhedo,Fórum Vinhedo III - CEJUSC,vinhedo
7141,8ª RAJ São José do Rio Preto,Viradouro,Gabriel Custódio da Silveira,viradouro
7144,10ª RAJ Sorocaba,Votorantim,Fórum Votorantim,votorantim
7145,8ª RAJ São José do Rio Preto,Votuporanga,Fórum Votuporanga I,votuporanga
7145,8ª RAJ São José do Rio Preto,Votuporanga,Fórum Votuporanga II - (Anexo Fiscal),votuporanga
7145,8ª RAJ São José do Rio Preto,Votuporanga,Fórum Votuporanga III - (CEJUSC),votuporanga
